"meeting_date","paragraph_text"
"2024-09-18","good afternoon. my colleagues and i remain squarely focused on achieving our dual-mandate goals of maximum employment and stable prices for the benefit of the american people. our economy is strong overall and has made significant progress toward our goals over the past two years. the labor market has cooled from its formerly overheated state. inflation has eased substantially from a peak of 7 percent to an estimated 2. 2 percent as of august. were committed to maintaining our economys strength by supporting maximum employment and returning inflation to our 2 percent goal. today, the federal open market committee decided to reduce the degree of policy restraint by lowering our policy interest rate by ½ percentage point. this decision reflects our growing confidence that with an appropriate recalibration of our policy stance, strength in the labor market can be maintained in a context of moderate growth and inflation moving sustainably down to 2 percent. we also decided to continue to reduce our securities holdings. i will have more to say about monetary policy after briefly reviewing economic developments. recent indicators suggest that economic activity has continued to expand at a solid pace. gdp rose at an annual rate of 2. 2 percent in the first half of the year, and available data point to a roughly similar pace of growth this quarter. growth of consumer spending has remained resilient, and investment in equipment and intangibles has picked up from its anemic pace last year. in the housing sector, investment fell back in the second quarter after rising strongly in the first. improving supply conditions have supported resilient demand and the strong performance of the u. s. economy over the past year. in our summary of economic projections, committee participants generally expect gdp growth to remain solid, with a median projection of 2 percent over the next few years. in the labor market, conditions have continued to cool. payroll job gains averaged 116, 000 per month over the past three months, a notable step-down from the pace seen earlier in the year. the unemployment rate has moved up but remains low at 4. 2 percent. nominal wage growth has eased over the past year, and the jobs-to-workers gap has narrowed. overall, a broad set of indicators suggests that conditions in the labor market are now less tight than just before the pandemic in 2019. the labor market is not a source of elevated inflationary pressures. the median projection for the unemployment rate in the sep is 4. 4 percent at the end of this year, four-tenths higher than projected in june. inflation has eased notably over the past two years but remains above our longer-run goal of 2 percent. estimates based on the consumer price index and other data indicate that total pce prices rose 2. 2 percent over the 12 months ending in august and that, excluding the volatile food and energy categories, core pce prices rose 2. 7 percent. longer-term inflation expectations appear to remain well anchored, as reflected in a broad range of surveys of households, businesses, and forecasters as well as measures from financial markets. the median projection in the sep for total pce inflation is 2. 3 percent this year and 2. 1 percent next year, somewhat lower than projected in june. thereafter, the median projection is 2 percent. our monetary policy actions are guided by our dual mandate to promote maximum employment and stable prices for the american people. for much of the past three years, inflation ran well above our 2 percent goal, and labor market conditions were extremely tight. our primary focus had been on bringing down inflation, and appropriately so. we are acutely aware that high inflation imposes significant hardship, as it erodes purchasing power, especially for those least able to meet the higher costs of essentials like food, housing, and transportation. our restrictive monetary policy has helped restore the balance between aggregate supply and demand, easing inflationary pressures and ensuring that inflation expectations remain well anchored. our patient approach over the past year has paid dividends: inflation is now much closer to our objective, and we have gained greater confidence that inflation is moving sustainably toward 2 percent. as inflation has declined and the labor market has cooled, the upside risks to inflation have diminished, and the downside risks to employment have increased. we now see the risks to achieving our employment and inflation goals as roughly in balance, and we are attentive to the risks to both sides of our dual mandate. in light of the progress on inflation and the balance of risks, at todays meeting, the committee decided to lower the target range for the federal funds rate by ½ percentage point to 4¾ percent to 5 percent. this recalibration of our policy stance will help maintain the strength of the economy and the labor market and will continue to enable further progress on inflation as we begin the process of moving toward a more neutral stance. we are not on any preset course. we will continue to make our decisions meeting by meeting. we know that reducing policy restraint too quickly could hinder progress on inflation. at the same time, reducing restraint too slowly could unduly weaken economic activity and employment. in considering additional adjustments to the target range for the federal funds rate, the committee will carefully assess incoming data, the evolving outlook, and the balance of risks. in our sep, fomc participants wrote down their individual assessments of an appropriate path for the federal funds rate, based on what each participant judges to be the most likely scenario going forward. if the economy evolves as expected, the median participant projects that the appropriate level of the federal funds rate will be 4. 4 percent at the end of this year and 3. 4 percent at the end of 2025. these median projections are lower than in june, consistent with the projections for lower inflation and higher unemployment, as well as the changed balance of risks. these projections, however, are not a committee plan or decision. as the economy evolves, monetary policy will adjust in order to best promote our maximum-employment and price-stability goals. if the economy remains solid and inflation persists, we can dial back policy restraint more slowly. if the labor market were to weaken unexpectedly or inflation were to fall more quickly than anticipated, we are prepared to respond. policy is well positioned to deal with the risks and uncertainties that we face in pursuing both sides of our dual mandate. the fed has been assigned two goals for monetary policymaximum employment and stable prices. we remain committed to supporting maximum employment, bringing inflation back down to our 2 percent goal, and keeping longer-term inflation expectations well anchored. our success in delivering on these goals matters to all americans. we understand that our actions affect communities, families, and businesses across the country. everything we do is in service to our public mission. we at the fed will do everything we can to achieve our maximum- employment and price-stability goals. thank you. i look forward to your questions."
"2024-09-18","so, okay, a lot of questions in there. [laughter] let me jump in. so, since the last meetingokay, the last meeting we have had a lot of data come in. weve had the two employment reports, july and august. weve also had two inflation reports, including one that came in during blackout. we had the qcew report, which suggests that maybethat not maybe, but suggests that the payroll report numbers that were getting may be artificially high and will be revised down. you know that. weve also seen anecdotal data, like [the data collected in] the beige book. so we took all of those, and we went into blackout. and we thought about what to do, and we concluded that this was the right thing for the economy, for the people that we serve, and thats, thats how we made our decision. so thats one question. what was the second and third?"
"2024-09-18","sure. so a couple things. a good place to start is theis the sep, but let me start with what i said, which was that were going to be making decisions meeting by meeting based on the incoming data, the evolving outlook, the balance of risks. if you look at the sep, youll, youll see that its, its a process of recalibrating our policy stance away from where we had it a year ago, when inflation was high and unemployment low, to a place thats more appropriate given where we are now and where we expect to be. and that process will take place over time. theres nothing in thein the sep that suggests the committee is in a rush to get this done. this, this process evolves over time. of course, thats a projection. thats a baseline projection. we know, as i mentioned in my remarks, that the actual things that we do will depend on the way the economy evolves. we can go quicker if thats appropriate. we can go slower if thats appropriate. we can pause if thats appropriate. but thats, thats what we are contemplating. again, i would point you to the sep as just an assessment of wherewhat the committee is thinking todaywhat the individual members, rather, of the committee are thinking today, assuming that their particular forecasts takeyou know, are realized."
"2024-09-18","i think it wouldthe way i would really characterize it is this: i think people write down their estimate, individuals do. i think every single person on the committee, if you asked them, whats your level of certainty around that, they would say theres a wide range where that could fall. so i think we dont know. there are model-based approaches and empirically based approaches that estimate what the neutral rate will be at any given time. but, realistically, we know it by its works. so that leaves us in a place where well bewhere we expect, in the base case, to be continuing to remove restriction, and well be looking at the way the economy reacts to that. and thatll be guiding us in our thinking about the question that were asking at every meeting, which is, is our policy stance the appropriate one? we knowif you go back, we know that the policy stance we adopted in july of 2023 came at a time when unemployment was 3½ percent and inflation was 4. 2 percent. today, unemployment is up to 4. 2 percent; inflations down to a few tenths above 2. so we know that it is time to recalibrate our policy to something that is more appropriate given the progress on inflation and on employment moving to a more sustainable level. so the balance of risks are now even. and this is the beginning of that process i mentioned, the direction of which is toward a sense of neutral, and well move as fast or as slow as we think is appropriate in real time. what you have is our individualaccumulation of individual estimates of what that will be in the base case."
"2024-09-18","i think we had a gooda good discussion. you know, if you go back, i talked about this at jackson hole, but i didnt address the question of the size of the cut and left it open, and i think we left it open going into blackout. and so there was a lot of discussion back and forth, good diversity ofexcellent discussion today. i think there was also broad support for the decision that the committee voted on. so i would add, though, look at the sep. all 19 of the participants wrote down multiple cuts this year. all 19. thats a big change from june, right? seven of theseven of them wrote down three or more andsorry, 17 of the 19 wrote down three or more cuts, and 10 of the 19 wrote down four or more cuts. so, you know, there is a dissent, and theres a range of views, but theres actually a lot of common ground as well."
"2024-09-18","were going to take it meeting by meeting, as i mentioned. theres no sense that the committee feels its in a rush to do this. we made a good, strong start to this, and thats really, frankly, a sign of our confidenceconfidence that inflation is, is coming down toward 2 percent on a sustainable basis. that gives us the ability. we can, you know, make a good, strong start. butand im very pleased that we did. to me, the logic of this, both from an economic standpoint and also from a risk-management standpoint, was clear. but i think were going to go carefully, meeting by meeting, and make our decisions as we go."
"2024-09-18","so, again, the labor market is actually in solid condition, and our intention with our policy move today is to keep it there. you can say that about the whole economy. the u. s. economy is in good shape. its growing at a solid pace, inflation is coming down, the labor market is in a strong pace, we want to keep it there. thats, thats what were doing."
"2024-09-18","okay, multiple questions in there. so i would say we dont think were behind. we do not thinkwe think this is timely, but i think you can take this as a sign of our commitment not to get behind. so its, its a strong move. sorry, your other question was?"
"2024-09-18","so i think its aboutwe come into this with a policy position that was put in place, as you know, i mentioned, in july of 2023, which was a time of high inflation and very low unemployment. weve been very patient about, about reducing the policy rate. weve waited. other central banks around the world have cut, many of them several times. weve waited, and i think that that patience has really paid dividends in the form of our confidence that inflation is moving sustainably under 2 percent. so i think that is what enables us to take this, this strong move today. i do not think that anyone should look at this and say, oh, this is the new pace. you know, you have to think about it in terms of the base case. of course, what happens will happen. so, so, in the base case, what you see islook at the sep, you see cuts moving along. the sense of this is were recalibrating policy down over time to a more neutral level. and were moving at the pace that we think is appropriate given developments in the economy and the base case. the economy can develop in a way that would cause us to go faster or slower, but thats what the base case is."
"2024-09-18","so, in the current situation, reserves have really been stable. they havent come down. so reserves are still abundant and expected to remain so for some time. as you know, the shrinkage in our balance sheet has really come out of the overnight rrp [facility]. so i think what that tells you is, were not thinking about, about stopping runoff because of this at all. we know that these two things can happen side by side. in a sense, theyre both a form of normalization, and so, for a time, you can have the balance sheet shrinking but also be cutting rates."
"2024-09-18","so i think what were seeing is, clearly labor market conditions have cooled off by any measure, as i talked about in jackson hole, andbut theyre still at a level the level of those conditions is actually pretty close to what i would call maximum employment. so youre close to mandate, maybe at mandate, on that. so whats driving it? clearly, clearly payroll job creation has moved down over the last few months, and this bears watching. many by many other measures, the labor market has returned to or below 2019 levels, which was a very good, strong labor market, but this is more sort of 2018, 17. so the labor market bears closebears close watching, and well be giving it that. but ultimately, we thinkwe believe, with an appropriate recalibration of our policy, that we can continue to see the economy growing, and that will support the labor market. in the meantime, if you look at the growth in economic activity data, retail sales data that we just got, second-quarter gdpall of this indicates an economy that is still growing at a solid pace. so that should also support the labor market over time. sobut again, wereit bears watching. and were watching."
"2024-09-18","so werethatsyou know, our plan, of course, has been to begin to recalibrate and wereas you know, were not seeing rising claims, were not seeing rising layoffs, were not seeing that, and were not hearing that from companies that thats something thats getting ready to happen. so were not waiting for that, because, you know, there isthere is thinking that the time to support the labor market is whenis when its strong and not when we begin to see the layoffs. theres some lore on that. so thats the situation were in. we have, in fact, begun the cutting cycle now, and well be watchingand thatll be one of the factors that we consider. of course, were going to look at the totality of the data as we make these decisions meeting by meeting."
"2024-09-18","were going to be watching all of the data, right? so ifas i mentioned in my remarks, if the labor market were to slow unexpectedly, then we have the ability to react to that by, by cutting faster. were also going to be looking at our other mandate, though. we are morewe have greater confidence now that inflation is moving down to 2 percent, but, at the same time, our plan is that we will be at 2 percent, you know, over time. soand policy, we think, is still restrictive, so that should still be happening."
"2024-09-18","so, you know, what i would say is, we dont think we need to see further loosening in labor market conditions to get inflation down to 2 percent. but we have a dual mandate, and i think you can take this whole action astake a step back, what have we been trying to achieve? were trying to achieve a situation where we restore price stability without the kind of painful increase in unemployment that has come sometimes with disinflation. thats what were trying to do. and i think you can take todays action as a sign of our strong commitment to achieve that goal."
"2024-09-18","sure. so well start with unemployment, which is the single most important one probably. youre at 4. 2 percent. thats, you knowi know its higher than we were used to seeing, numbers in the mid- and even below mid-3s last year, but, if you look back over the sweep of the years, thats, thats a low. thats a very healthy unemployment rate. and anything in the low 4s is, is a reallyis a good labor market. so thats one thing. participation is at high levels. its, you knowweve hadwere rightadjusted for demographics for aging, participations at pretty high levels. thats a good thing. wages are still a bit above what would be theirwage increases, rather, are still just a bit above where they would be over the very longer term to be consistent with 2 percent inflation, but theyre very much coming down to what that sustainable level is. so we feel good about that. vacancies overper unemployed is back to what is still a very strong level. its not as high as it was. that number reached two to one, two vacancies for every unemployed person. as measured, its now belowits around one. but thats stillthats still a very good number, i would say. you know, quits have come back down to normal levels. i mean, i could go on and on. there are many, many employment indicators. what do they say? they say this is still a solid labor market. the question isnt the level; the question is that there has been change, particularly over the last few months, and, you know, so what we say is, as the risks, the upside risks, to inflation have really come down, the downside risks to employment have increased. and, and because we have been patient and held our fire on cutting while, while inflation has come down, i think were now in a very good position to manage the risks to both of our goals."
"2024-09-18","you know, more data, the usual. dont look for anything else. well see another labor report. well see another jobs report. i think we get awe might, actually we get twowe get a second jobs report on the day of the meeting, i think, or no, no, on the friday before the meeting. soand inflation data. well get all this data. well be watching. you know, its always a question of, look at the incoming data and ask what are the implications of that data for the evolving outlook and the balance of risks and then go through our process and think, whats the right thing to do? is policy where we want it to be to foster the achievement of our goals over time? so thats what it is, and thats what well be doing."
"2024-09-18","so, on the job creation, it depends onit depends on the inflows, right? so, if youre having millions of people come into the labor force then, and youre creating 100, 000 jobs, youre going to see unemployment go up. so it really depends on whats the trend underlying the volatility of people coming into the country. we understand theres been quite an influx across the borders, and that has actually been one of the things thats, thats, thats allowed the unemployment rate to rise. and the other thing is just the slower hiring rate, which is something we also watch carefully. so it does depend on whats happening on the supply side. on the beveridge curve question, yes, so we all felt, on the committee, not all, but i think everyone on the committee felt that job openings were so elevated that they could fall a long way before you hit the part of the curve where job openings turned into higher unemployment, job loss. and yes, i mean, i think we areits hard to know thatyou cant know these things with great precision, but certainly it appears that were very close to that point, if not at it, so that further declines in job openings will translate more directly into unemployment. but its been its been a great ride down. i mean, weve seen a lot of, of tightness come out of the labor market in that form without it resulting in lower employment."
"2024-09-18","so this is a questionand you mean after we get through all of this? its justgreat question that we just, we can only speculate about. intuitively, mostmany, many people anyway, would say were probably not going back to that era where there were trillions of dollars of sovereign bonds trading at negative rateslong-term bonds trading at negative rates. and it looked like the neutral rate wasmight even be negative, soand it waspeople were issuing debt at negative rates. it seems thats so far away now. my own sense is that were not going back to that. but, you know, honestly, were going to find out. but, you know, it feelsit feels to me that the neutral rate is probably significantly higher than it was back then. how high is it? i donti just dont think we know. itsagain, we only know it by its works."
"2024-09-18","yeah, so, you know, this is my fourth presidential election at the fed, and, you know, its always the same. were alwayswere always going into this meeting, in particular, and asking, whats the right thing to do for the people we serve? and we do that, and we make a decision as a group, and then we announce it. and itsthats always what it is. its never about anything else. nothing else is discussed, and i would also point out that the things that we do really affect economic conditions for the most part with a lag. so, nonetheless, this is what we do. our job is to support the economy on behalf of the american people. and, if we get it right, this will benefit the american people significantly. so this really concentrates the mind, and, you know, its something we all take very, very seriously. we dont put up any other filters. i think if you start doing that, i dont know where you stop. and so we just dont do that."
"2024-09-18","i would just say that, you know, the u. s. economy is in a good place, and, and our decision today is designed to keep it there. more specifically, the economy is growing at a solid pace, inflation is coming down closer to our 2 percent objective over time, and the labor market is still in solid shape. so our intention is really to maintain the strength that we currently see in the u. s. economy. and well do that by returning rates from their high level, which has really beenthe purpose of which has been to get inflation under control. were, were going to move those down over time to a more normal level over time."
"2024-09-18","no, were not. so inflation, you knowwhat we say is we want inflationthe goal is to have inflation move down to 2 percent on a sustainable basis. and, you know, were not reallywere close, but were not really at 2 percent. and i think were going to want to see it be, you know, around 2 percent and close to 2 percent for some time, but were certainly not doingwere not saying mission accomplished or anything like that. but i have to say, though, were encouraged by the progress that we have made."
"2024-09-18","so housing inflation is theis the one piece that is kind of dragging a bit, if i can say. we know that market rents are doing what we would want them to do, which is to be moving up at relatively low levels, but theyre not rolling overthe leases that are rolling over are not coming down as much and oer is coming in high. so, you know, its been slower than we expected. i think we now understand that its going to take some time for those lower market rents to get into this. but, you know, the direction of travel is clear, and as long as market rents remain, you know, relatively low inflation, over time that will show up, just the time its taking now, several years rather than just one or two cycles of annual lease renewals. so thatsi think we understand that now, but i dont think the outcome is in doubt again. as long as market rents remain under control, the outcome is not as in doubt. so i would say itsthe rest of the portfolioor of the elements that go into core pce inflation have behaved pretty well. you know, theyre allthey all have some volatility. we will get down to 2 percent inflation, i believe, and i believe that, ultimately, well get what we need to get out of the housing services piece, too."
"2024-09-18","the housing market, its hard toits a game thatthe housing market is in part frozen because of lock-in with low rates. people dont want to sell their homes. so, because they have a very low mortgage, it would be quite expensive to refinance. as rates come down, people will start to move more, and thats probably beginning to happen already. but remember, when that happens, youve got a seller, but youve also got a new buyer in many cases. so its not, you know, obvious how much additional demand that would make. i mean, the real issue with housing is that we have had, and are on track to continue to have, not enough housing. and so its going to be challenging. its hard to findto zone lots that are in places where people want to live. itsall of the aspects of housing are more and more difficult, and, you know, where are we going to get the supply? and this is not something that the fed can, can really fix. but i think, as we normalize rates, youll see the housing market normalize. and, i mean, ultimately by getting inflation broadly down and getting those rates normalized and getting the housing cycle normalized, thats the best thing we can do for house holders. and then the supply question will have to be dealt with by the market and also by government."
"2024-09-18","so youre right about lags, but i would just point to the overall economy. you have an economy that is growing at a solid pace. if you look at forecasters or talk to companies, theyll say that they think 2025 should be a good year, too. so theres no sensethe u. s. economy is basically fine if you talk to market participants, i mean, you know, business people who are actually out there doing business. so i think, you know, i think our move is timely. i do. and, as i said, you canyou can see our, our 50 basis point move as a commitment to make sure that we dont fall behind. so youre really asking aboutyour second question, youre asking about july. and i guess if you ask if wed gotten the july report before the meeting, would we have cut? we might well have. we didnt make that decision, but we might well have. i think thats notyou know, that doesnt really answer the question that we ask ourselves, which is, lets look, you knowat this meeting were looking back to the july employment report, the august employment report, the two cpi reports, one of which came, of course, during blackout, and all of the other things that i mentioned. were looking at all of those things, and were asking ourselves, whats the rightwhats the policy stance we need to move to? we knewits clear that weclearly, literally, everyone on the committee agreed that its time to move. its just how bighow fast do you go, and what do you think about the paths forward. so this decision we made today had broad support on the committee, and ive discussed the path ahead."
"2024-09-18","very hard for me to say. thatsfrom our standpoint, i cant really speak to mortgage rates. i will say thatll depend on how the economy evolves. our intention, though, iswe think that our policy was appropriately restrictive. we think that its time to begin the process of recalibrating it to a level thats more neutral, rather than restrictive. we expect that process to take some time, as you can see in the projections that we released today. and asif things work out according to that forecast, other rates in the economy will come down as well. however, the rate at which those things happen will really depend on how the economy performs. we cant seewe cant look a year ahead and know what the economy is to be doinggoing to be doing."
"2024-09-18","well, what i can say to the public is that we had the highestwe had a burst of inflation. many other countries around the world had a similar burst of inflation, and, when that happens, part of the answer is that we raise interest rates in order to cool the economy off in order to reduce inflationary pressures. its not something that people experience as pleasant, but, at the end, what you get is low inflation restored, price stability restored. and a good definition of price stability is that people in their daily decisions, theyre not thinking about inflation anymore. thats where everyone wants to be, is back to whats inflation, you know? just keep it low, keep it stable. were restoring that. so what were going through now really restoresit will benefit people over a long period of time. price stability benefits everybody over a long period of time, just by virtue of the fact that they dont have to deal with inflation. so thats whats been going on, and i think weve made real progress. i completelywe dont tell people how to think about the economy, of course. and, of course, people are [still] experiencing high prices, as opposed to high inflation. and we understand thats painful."
"2024-09-18","were always going to try to do what we think is the right thing for the economy at that time. thats what well do. and thats what we did today."
"2024-09-18","so we will continue to look at that broad array of labor market data, including the payroll numbers. were not discarding those. i mean, well certainly look at those, but we will mentally tend to adjust them based on the qcew adjustment, which you referred to. there isnt a bright line. you know, it will bethe unemployment rates very important, of course, but there isnt a single statistic or single bright line over which that thing that might move that would dictate one thing or another. well look ateach meeting, well look at all the data on inflation, economic activity, and the labor market, and well make decisions about, is our policy stance where it needs to be to foster over the medium term our mandate goals? so i canti cant say we have a bright line in mind."
"2024-09-18","sure. so countries that aredemocracies around the world, countries that are sort of like the united states, all have what are called independent central banks. and the reason is that people have found over time that insulating the central bank from direct control by political authorities avoids making monetary policy in a way that favors maybe people who are in office as opposed to people who are not in office. so thats the idea, is that you know, i think the data are clear that countries that have independent central banks, they get lower inflation. and so were, were notwe do our work to serve all americans. were not serving any politician, any political figure, any cause, any issue, nothing. its just maximum employment and price stability on behalf of all americans. and thats how the other central banks are set up, too. its a good institutional arrangement, which has been good for the public and i hopeand i hope and strongly believe that it will continue."
"2024-09-18","you know what, hold the second question."
"2024-09-18","well give you the second question. so the answer to your question is that, yes, those, those changes were negotiated between the agencies with my support and with my involvement, with the idea that we were going to re-propose, re-propose the changes that vice chair barr talked about and then take comment on them. so, yes, that isthats happening with my support."
"2024-09-18","thats not a final proposal, though, you understand. were putting them out for comment. were going to take comment and make appropriate changes. we dont have awe dont have a calendar date for that, and, as for the other agencies, you know, the idea is that were all moving together, were not moving separately, so thati dont know exactly where that is. but the idea is that we will move as a group to put this, again, out for comment, and then, you know, itllthe comments will come back 60 days later, and well dive into them, and well try to bring this to a conclusion sometime in the first half of next year."
"2024-09-18","you know, i wouldi would bounce that question to vice chair barr. its a good question, but i dont have that today. thanks."
"2024-09-18","no, i thinki think, and we think, they are now roughly balanced. so if you go back for a long time, the risks were on inflation. we had a historically tight labor market, historically tight. there was a severe labor shortage, so very hot labor market. and we had inflation way above target. so, you know, that said to us, concentrate on inflation, concentrate on inflation. and we did for a while, and we kept at that, that the stance that we put in place 14 months ago was a stance that was focused on bringing down inflation. part of bringing down inflation, though, is cooling off the economy and a little bit cooling off the labor market. you now have a cooler labor market, in part because of our activity. so what that tells you is, its time to change our stance. so we did that. the sense of the change in the stance is that were recalibrating our policy over time to a stance that will be more neutral. and today wasi think we made a good strong start on that. i think it was the right decision, and i think it should send a signal that we, you know, that were committed to coming up with a good outcome here."
"2024-09-18","i dont think so. i donttheresas i lookwell, let me look at it this way: i dont see anything in the economy right now that suggests that the likelihood of a recessionsorry, of a downturn is elevated, okay? i dont see that. you seeyou see growth at a solid rate, you see inflation coming down, and you see a labor market thats, thats still at very solid levels. so, so i dont really see that, no. thank you."
